Metric,Value
Initial_Position_Error_m,2.23606797749979
Initial_Attitude_Error_deg,17.1887338539247
Position_RMS_Error_m,0.396511493856927
Position_Max_Error_m,2.23606797749979
Position_Mean_Error_m,0.118430117062486
Attitude_RMS_Error_deg,2.22857146593077
Attitude_Max_Error_deg,17.1887338539247
Attitude_Mean_Error_deg,0.666748895947445
Settling_Time_s,1.7
PostSettling_Position_RMS_m,0.00999023824788113
PostSettling_Position_Max_m,0.0472225770900699
PostSettling_Position_Mean_m,0.00686289907178987
PostSettling_Attitude_RMS_deg,0.183473053907137
PostSettling_Attitude_Max_deg,0.357128547490795
PostSettling_Attitude_Mean_deg,0.163999805269188
Final_Position_Error_m,0.00375367657843357
Final_Attitude_Error_deg,0.0669993119672183
Position_BL_Mean,0.0510977993031028
Attitude_BL_Mean,0.0357215412960681
K_Pos_Utilization_percent,45.2161833471623
K_Att_Utilization_percent,47.7195193664339
Numerical_dVneg_Position_percent,56.7164179104478
Numerical_dVneg_Attitude_percent,53.2338308457711
